family,element,name,line,role,intended,intended_is_proposed,why,axis,share_P50,share_P70,share_P90,share_P100E10,boss_share_P50,boss_share_P70,boss_share_P90,boss_share_P100E10,heal_frac_P50,heal_frac_P70,heal_frac_P90,heal_frac_P100E10,protect_frac_P50,protect_frac_P70,protect_frac_P90,protect_frac_P100E10,cc_body_seconds_P50,cc_body_seconds_P70,cc_body_seconds_P90,cc_body_seconds_P100E10,interval_formula_P50,interval_formula_P70,interval_formula_P90,interval_formula_P100E10,interval_measured_P50,interval_measured_P70,interval_measured_P90,interval_measured_P100E10,concurrency_P50,concurrency_P70,concurrency_P90,concurrency_P100E10,concurrency_long_P50,concurrency_long_P70,concurrency_long_P90,concurrency_long_P100E10,ramp_index_P50,ramp_index_P70,ramp_index_P90,ramp_index_P100E10,trend,measured_profile,verdict,review,mechanism,notes
horn,Plant,Thornguard Charge,Charge roots every survivor it hits for 3 s,control,SUPPORT,yes,root,damage,0.76,0.81,1.00,1.14,-1.26,-0.68,-0.38,-0.19,0.00,0.00,0.00,0.00,0.28,0.32,0.37,0.51,15.3,23.9,29.5,33.5,4.2,3.4,2.4,1.4,4.7,3.9,2.8,1.9,0.0,0.0,0.0,0.0,0.0,0.0,0.0,0.0,1.22,1.02,1.20,1.25,1.50,STEADY,OK,,M3 horn execution floor,judged on damage (root is a rider on survivors only)
horn,Air,Gale Crash,PASSIVE: shoves nearby bodies out toward the rim,control,EARLY,yes,a flat shove buys space when nothing kills; it does not need stats,cc,-0.16,-0.21,-0.10,-0.09,1.14,-0.27,0.25,0.29,0.00,0.00,0.00,0.00,0.17,0.24,0.28,0.35,115.5,166.3,127.4,164.3,4.2,3.4,2.4,1.4,,,,,0.0,0.0,0.0,0.0,0.0,0.0,0.0,0.0,,,,,1.42,STEADY,"wrong curve (EARLY, measured STEADY)",,M5 compressed hooks (passive),passive shove; flat control by design; protect ~0.25-0.31
horn,Dust,Sandstorm Ram,Impact cyclone pulls bodies in and turns shooters on each other,control,SUPPORT,yes,control,cc,0.85,0.90,0.71,0.72,-0.53,-0.53,-0.86,-0.28,0.00,0.00,0.00,0.00,0.33,0.31,0.28,0.31,871.6,1320.8,1590.2,1215.5,4.2,3.4,2.4,1.4,4.7,4.0,3.0,2.0,0.6,0.8,1.2,1.5,0.7,1.0,1.5,1.8,,,,,1.39,STEADY,OK,,M3 horn execution floor,cyclone control flat (~900-1400 body-s)
horn,Lava,Magma Ram,Slow heavy slam; bodies the slam kills burst into homing flames,damage,EARLY,yes,"kill-chain payoff: more kill power, more flames",damage,3.01,2.58,2.22,1.84,-1.00,-0.67,-0.76,-0.40,0.00,0.00,0.00,0.00,0.49,0.51,0.56,0.53,-25.4,-42.3,-65.6,-96.2,4.2,3.4,2.4,1.4,4.9,4.1,3.0,2.4,0.0,0.0,0.0,0.0,0.0,0.0,0.0,0.0,0.94,1.16,1.03,0.97,0.61,EARLY,OK,user 2026-10-10: relabelled EARLY (was SCALER),M3 horn execution floor,"measured interval 4.9->2.4 s vs formula 4.2->1.4 s; flames ride slam kills, so share falls 3.6->2.2 against a median that grows x10.8"
horn,Poison,Toxic Ram,"Charge poisons everything it sweeps, plus a passive toxic aura",damage,STEADY,yes,DoT tank,damage,0.06,0.20,0.17,0.18,-0.96,-0.38,-0.59,-0.02,0.00,0.00,0.00,0.00,0.19,0.18,0.14,0.16,-3.0,-3.0,-14.6,-38.9,4.2,3.4,2.4,1.4,4.8,4.0,3.0,2.0,2.1,2.0,1.9,1.7,2.0,2.0,1.9,1.7,,,,,3.12,SCALER,"too weak at P50/P70/P90/P100E10; wrong curve (STEADY, measured SCALER)",the cast adds almost nothing on top of its passive aura,M14 cast adds little; M3 horn execution floor,the cast adds 0-0.24x the median; the passive toxic aura (on in both modes) carries it
horn,Blood,Crimson Fortress,Sacrifices 18% HP for a harder ram; kills in the window heal 5% max HP,damage,EARLY,yes,"% HP trade: strong before stats, flat after",damage,0.84,0.98,0.96,1.22,-1.17,-0.71,-0.79,-0.27,0.12,0.13,0.15,0.23,0.29,0.34,0.34,0.50,-0.5,-4.5,-8.3,-31.7,4.2,3.4,2.4,1.4,4.7,3.9,2.9,2.0,0.0,0.0,0.0,0.0,0.0,0.0,0.0,0.0,0.98,1.11,1.89,1.28,1.45,STEADY,"wrong curve (EARLY, measured STEADY)",,M3 horn execution floor,
horn,Earth,Cataclysmic Fortress,Impact leaves a high-HP decoy clone that taunts and quakes,support-protect,SUPPORT,yes,decoy HP should grow with the horn,protect,2.21,1.91,1.55,1.42,-1.66,-0.70,-0.60,-0.52,0.00,0.00,0.00,0.00,0.48,0.46,0.50,0.53,-2.3,-6.7,-20.1,-72.1,4.2,3.4,2.4,1.4,4.9,4.1,3.1,2.2,0.7,0.8,1.0,1.1,1.1,1.3,1.5,1.6,,,,,1.11,STEADY,OK,,M3 horn execution floor,"decoy + quakes; strong damage at P50 (2.75x), protect ~0.5 flat"
horn,Light,Radiant Guard,"Stationary barrier: reflects shots, bounces bodies, allies inside take 30%",support-protect,SUPPORT,no (board),board: duration scaled by stats,protect,-0.23,-0.17,-0.08,-0.14,-4.85,-1.86,-1.43,-1.37,0.00,0.00,0.00,0.00,0.41,0.45,0.46,0.46,1274.1,1789.8,3558.1,6392.3,4.2,3.4,2.4,1.4,9.3,9.0,8.9,9.9,0.5,0.5,0.6,0.7,0.5,0.6,0.7,0.8,,,,,1.14,STEADY,OK,,M3 horn execution floor; M5 compressed hooks,barrier also stops its autos (cooldown gate cosmic_survival_game.dart:3175-3183); protect ~0.45-0.53; interval 9.3->7.2 s
horn,Spirit,Spirit Bastion,"Wind-up with damage reduction, then six taunting phantom wisps",support-protect,SUPPORT,yes,taunt screen,protect,0.29,0.40,0.41,0.45,-2.46,-1.44,-1.52,-0.86,0.00,0.00,0.00,0.00,0.18,0.20,0.14,0.22,-2.4,-4.1,-11.0,-20.4,4.2,3.4,2.4,1.4,6.7,5.9,4.9,4.0,0.8,0.9,1.2,1.7,1.3,1.7,1.9,2.3,,,,,1.24,STEADY,OK,,M3 horn execution floor,2 s wind-up: interval 6.8->4.0 s; protect ~0.2
horn,Crystal,Crystal Bulwark,"Six orbiting shards each block two shots, then shatter into shrapnel",support-protect,SUPPORT,yes,shot interception,protect,0.59,0.47,0.55,0.65,-2.73,-1.38,-1.62,-0.78,0.00,0.00,0.00,0.00,0.26,0.22,0.25,0.30,0.4,-2.6,-5.6,-18.4,4.2,3.4,2.4,1.4,6.0,5.1,4.1,3.2,1.4,2.1,2.5,2.8,1.9,2.9,2.6,2.5,,,,,1.16,STEADY,OK,,M3 horn execution floor,1.2 s wind-up: interval 6.0->3.2 s; protect 0.25->0.32
horn,Fire,Blazing Charge,"Rams a line, leaving burning patches that taunt and burn",control,STEADY,yes,taunt lane + DoT; neither part should fade or run away,protect,2.39,2.05,1.73,1.31,-1.09,-0.54,-0.59,-0.30,0.00,0.00,0.00,0.00,0.49,0.53,0.53,0.51,-0.9,-7.8,-14.6,-43.3,4.2,3.4,2.4,1.4,4.8,3.9,2.9,2.1,6.0,7.7,11.2,13.6,7.2,9.1,13.3,16.1,,,,,1.05,STEADY,OK,,M3 horn execution floor; M7 stacking,trail patches 5.9->16 live; taunt lane holds (protect ~0.5 of incoming at every band)
horn,Lightning,Thunder Crash,"Dash, brew a 3 s storm, discharge a chain blast boosted by damage absorbed",damage,STEADY,yes,"absorbed bonus grows with incoming damage, so it keeps pace with the wave on its own",damage,1.33,1.44,1.32,1.19,-3.04,-1.72,-2.70,-1.06,0.00,0.00,0.00,0.00,0.30,0.29,0.31,0.42,-5.5,-14.4,-29.4,-65.8,4.2,3.4,2.4,1.4,7.8,7.0,6.0,5.1,0.2,0.3,0.3,0.4,0.3,0.3,0.4,0.5,1.16,1.02,1.57,1.43,0.90,STEADY,OK,,M3 horn execution floor,3 s brew after every dash: measured interval 7.8->5.0 s vs formula 4.2->1.4 s; share 1.8->0.85
horn,Steam,Pressure Crash,Slam drops a geyser; a slam kill resets the cooldown and adds a geyser,damage,EARLY,yes,reset chains need kill power; the grinder's horn,damage,2.81,2.27,1.77,1.39,-1.21,-0.73,-0.90,-0.37,0.00,0.00,0.00,0.00,0.67,0.68,0.61,0.55,4.7,9.4,3.4,-2.5,4.2,3.4,2.4,1.4,1.0,0.9,0.9,0.8,12.7,14.7,19.7,25.4,15.3,18.7,27.9,32.4,0.67,1.00,0.85,0.88,0.50,EARLY,OK,user 2026-10-10: relabelled EARLY (was SCALER),M3 horn execution floor; M7 stacking,kill-reset makes it the fastest horn (0.8 s at P100E10) but geysers stack 18->51; still falls 3.1->1.9
horn,Dark,Shadow Crash,"5 s void suck, then a dash that carries the captured bodies and hits them",control,EARLY,yes,fixed-radius pack-and-dump; strongest where bodies are many and soft,protect,1.34,1.31,0.97,0.71,-6.92,-3.85,-1.66,-1.90,0.00,0.00,0.00,0.00,0.27,0.26,0.24,0.18,1408.3,1740.5,2528.8,2114.2,4.2,3.4,2.4,1.4,10.1,9.4,8.4,7.4,0.2,0.2,0.2,0.3,0.2,0.2,0.3,0.4,,,,,0.65,EARLY,OK,,M3 horn execution floor,5 s void wind-up: interval 10.1->7.5 s (formula 4.2->1.4)
horn,Ice,Glacier Slam,"Sideways dash painting an ice wall that taunts, slows and reflects shots",support-protect,SUPPORT,yes,cover,protect,0.46,0.56,0.64,0.54,-2.45,-0.97,-2.05,-0.80,0.00,0.00,0.00,0.00,0.36,0.38,0.35,0.30,278.6,299.5,426.4,403.4,4.2,3.4,2.4,1.4,4.8,3.9,2.9,1.9,3.2,3.3,4.5,9.0,3.9,4.2,5.3,10.7,,,,,0.83,STEADY,OK,,M3 horn execution floor; M7 stacking,wall segments 3.2->8.8 live; protect ~0.35 flat
horn,Mud,Quagmire Crash,PASSIVE: drops slowing sludge wherever it walks (interval from Intelligence),control,SUPPORT,no (board),board: interval scales with Intelligence,cc,-0.01,-0.01,0.07,-0.02,1.99,-0.37,0.22,-0.00,0.00,0.00,0.00,0.00,-0.01,0.08,0.08,0.04,546.8,782.5,1041.8,1157.5,4.2,3.4,2.4,1.4,,,,,4.7,7.4,7.4,7.8,4.8,7.6,7.6,8.0,,,,,2.12,SCALER,OK,,M5 compressed hooks (passive),passive sludge; damage nil by design; slow body-seconds x2.1
horn,Water,Tidal Guard,"Circular sweep, then a whirlpool that pulls and slows",control,SUPPORT,yes,ground control,cc,1.72,1.61,1.52,1.38,-1.72,-0.77,-0.65,-0.66,0.00,0.00,0.00,0.00,0.38,0.41,0.44,0.52,633.1,816.8,1272.1,672.5,4.2,3.4,2.4,1.4,5.2,4.4,3.4,2.4,0.7,0.9,1.3,1.3,0.8,1.1,1.6,1.6,,,,,1.06,STEADY,OK,,M3 horn execution floor; M5 compressed hooks,whirlpool control falls (684->340 body-s) while its damage holds ~1.5-2x
wing,Plant,Vine Beam,Kills become flowers; collected flowers power up the wing,damage,RAMP,no (board),board: flowers power up the wing (assumed in-run ramp),damage,1.43,1.63,1.05,0.91,2.61,3.49,1.57,2.68,0.00,0.00,0.00,0.00,0.07,0.16,0.10,0.10,-8.3,-11.4,-15.3,-20.7,5.6,4.3,2.9,2.2,5.6,4.3,2.9,2.2,8.3,13.3,21.6,26.7,9.2,14.6,24.1,29.5,1.04,1.05,0.71,0.87,0.63,EARLY,"wrong curve (RAMP, measured EARLY, no in-run ramp)",design drift: heals the orb per resolve instead of powering up the wing; over-heals 1.4-3.7x incoming,M4 SPECIAL cadence cap (Wing hits x6 first); M10 uncapped heal; M13 harness-blind,"the flower effect heals the orb on every resolve (cosmic_survival_game.dart:15641, 0.30 share cosmic_ability_runtime.dart:71): 0.7->3.7x incoming. The board says flowers POWER UP the wing; collected-flower stacks stayed 0-18 under the pilot, so no ramp is visible"
wing,Air,Tornado Drill,Beam blows bodies back,control,STEADY,yes,flat shove,damage,1.08,1.22,0.88,0.76,1.59,3.55,4.06,2.60,0.00,0.00,0.00,0.00,0.07,0.08,0.03,0.10,7.5,10.1,17.9,15.6,4.7,3.6,2.5,1.9,4.7,3.6,2.5,1.9,0.0,0.0,0.0,0.0,0.0,0.0,0.0,0.0,1.11,0.81,0.85,0.71,0.70,STEADY,OK,user 2026-10-10: relabelled STEADY (was EARLY),M4 SPECIAL cadence cap (Wing hits x6 first),
wing,Dust,Sandstorm Beam,Dusts bodies so shooters fire on each other,control,SUPPORT,yes,anti-shooter,cc,1.35,1.43,1.04,0.87,2.15,2.58,3.61,2.52,0.00,0.00,0.00,0.00,0.09,0.09,0.04,0.11,44.7,71.7,71.2,62.6,4.7,3.6,2.5,1.9,4.7,3.6,2.5,1.9,0.0,0.0,0.0,0.0,0.0,0.0,0.0,0.0,,,,,1.40,STEADY,too weak at P50,,M4 SPECIAL cadence cap (Wing hits x6 first),disorient control ~40-60 body-s; damage 1.6->1.0
wing,Lava,Eruption Trench,Beam leaves a burning scar that hurts bodies crossing it,damage,STEADY,yes,ground DoT,damage,2.39,2.71,2.07,1.94,1.98,4.26,5.96,3.69,0.00,0.00,0.00,0.00,0.17,0.20,0.15,0.23,-9.8,-18.5,-28.9,-29.3,5.6,4.3,2.9,2.2,5.6,4.3,2.9,2.3,11.4,18.0,30.3,41.4,12.6,19.5,33.4,45.4,0.81,0.59,0.86,0.94,0.81,STEADY,OK,,M4 SPECIAL cadence cap (Wing hits x6 first); M7 stacking,scars 11->43 live
wing,Poison,Venom Spine,"Fires all round, leaving a poison ring round the map edge",damage,STEADY,yes,perimeter DoT,damage,2.45,2.40,2.17,1.85,1.44,2.42,3.41,2.64,0.00,0.00,0.00,0.00,0.16,0.18,0.18,0.27,-8.9,-14.0,-31.2,-33.5,4.7,3.6,2.5,1.9,4.7,3.6,2.5,1.9,16.4,27.9,41.8,45.6,18.2,30.9,47.1,50.6,0.69,1.10,0.87,0.86,0.75,STEADY,OK,,M4 SPECIAL cadence cap (Wing hits x6 first); M7 stacking,ring segments 16->64 live
wing,Blood,Crimson Lance,Locks onto the lowest-health body and executes,damage,STEADY,yes,execute is flat by nature,damage,1.37,1.55,1.26,1.01,2.28,2.46,4.28,2.33,0.00,0.00,0.00,0.00,0.10,0.13,0.08,0.16,-5.5,-11.0,-21.2,-27.0,6.9,5.3,3.6,2.8,6.9,5.3,3.6,2.8,0.0,0.0,0.0,0.0,0.0,0.0,0.0,0.0,0.76,0.72,0.89,1.26,0.74,STEADY,OK,user 2026-10-10: relabelled STEADY (was EARLY),M4 SPECIAL cadence cap (Wing hits x6 first); M11 per-cast execute,execute value is per cast; still holds 1.2-1.6x through cadence
wing,Earth,Boulder Beam,"Standard beam, and the orb fires one too",damage,STEADY,yes,the baseline beam,damage,2.75,2.89,2.31,1.97,2.83,3.75,4.31,4.78,0.00,0.00,0.00,0.00,0.17,0.26,0.24,0.33,-9.4,-18.7,-27.1,-26.3,4.7,3.6,2.5,1.9,4.7,3.6,2.5,1.9,0.0,0.0,0.0,0.0,0.0,0.0,0.0,0.0,1.03,0.78,1.14,1.15,0.72,STEADY,OK,,M4 SPECIAL cadence cap (Wing hits x6 first),3.7x at P50 (too strong) falling to 2.7x
wing,Light,Radiant Beam,A kill splits the beam into two refracted beams,damage,STEADY,yes,kill-driven splits reward kill power,damage,2.23,2.79,2.27,1.52,1.09,4.07,5.56,3.68,0.20,0.36,0.57,0.97,0.18,0.22,0.17,0.20,-11.8,-21.4,-31.3,-21.6,6.9,5.3,3.6,2.8,6.9,5.3,3.6,2.8,0.0,0.0,0.0,0.0,0.0,0.0,0.0,0.0,0.49,0.53,0.87,1.20,0.68,STEADY,OK,user 2026-10-10: relabelled STEADY (was SCALER),M4 SPECIAL cadence cap (Wing hits x6 first),
wing,Spirit,Reaper Beam,"Tethers to the ship, which then lasers the nearest bodies too",damage,STEADY,yes,second beam,damage,2.37,2.95,2.55,1.99,1.89,2.68,5.16,3.68,0.00,0.00,0.00,0.00,0.20,0.25,0.25,0.35,-8.7,-16.3,-30.5,-26.9,5.6,4.3,2.9,2.2,5.6,4.3,2.9,2.3,0.0,0.0,0.0,0.0,0.0,0.0,0.0,0.0,1.21,0.89,1.14,1.18,0.84,STEADY,OK,,M4 SPECIAL cadence cap (Wing hits x6 first),"5.1x at P50, 3.3x at P100E10: too strong P50-P90"
wing,Crystal,Prism Refraction,Beam damage heals the orb,support-heal,SUPPORT,yes,lifesteal to orb,heal,1.26,1.38,0.99,0.80,2.01,4.20,6.92,3.51,0.18,0.27,0.39,0.66,0.09,0.12,0.12,0.18,-6.2,-8.2,-15.2,-18.4,5.6,4.3,2.9,2.2,5.6,4.3,2.9,2.2,0.0,0.0,0.0,0.0,0.0,0.0,0.0,0.0,,,,,3.64,SCALER,OK,,M4 SPECIAL cadence cap (Wing hits x6 first); M10 uncapped heal,orb heal 0.31->1.0x incoming
wing,Fire,Sweeping Flamebeam,Sweeps a beam round the whole map; big damage,damage,STEADY,yes,pure beam damage over the whole arena,damage,1.89,2.03,1.51,1.26,1.09,2.81,3.55,1.80,0.00,0.00,0.00,0.00,0.14,0.11,0.08,0.15,-8.8,-13.5,-24.0,-24.4,5.6,4.3,2.9,2.2,5.6,4.3,2.9,2.3,3.9,6.9,11.2,15.8,4.3,7.4,12.2,17.2,0.33,1.00,0.59,1.05,0.67,EARLY,"wrong curve (STEADY, measured EARLY)",user 2026-10-10: relabelled STEADY (was SCALER),M4 SPECIAL cadence cap (Wing hits x6 first); M7 stacking,
wing,Lightning,Chain Lightning Web,"Charges, then one heavy blast",damage,STEADY,yes,the nuke: should reward stats most,damage,1.65,2.02,1.34,1.30,1.22,2.46,4.51,1.19,0.00,0.00,0.00,0.00,0.11,0.16,0.06,0.22,-7.0,-9.2,-14.9,-36.5,6.9,5.3,3.6,2.8,6.9,5.3,3.6,2.8,0.0,0.0,0.0,0.0,0.0,0.0,0.0,0.0,0.95,1.22,0.63,0.44,0.79,STEADY,OK,user 2026-10-10: relabelled STEADY (was SCALER),M4 SPECIAL cadence cap (Wing hits x6 first),
wing,Steam,Boiler Shear,Kills the first body it touches and leaves 5-10 steam clouds,damage,STEADY,yes,first-touch execute is flat by nature,damage,2.11,1.86,1.88,1.87,2.21,4.47,9.45,3.56,0.00,0.00,0.00,0.00,0.16,0.12,0.12,0.18,2.6,10.1,10.0,42.7,5.6,4.3,2.9,2.2,5.6,4.3,2.9,2.2,11.8,17.7,29.5,40.1,12.7,19.6,32.1,44.5,0.97,0.97,0.69,0.68,0.89,STEADY,OK,user 2026-10-10: relabelled STEADY (was EARLY),M4 SPECIAL cadence cap (Wing hits x6 first); M7 stacking; M11 per-cast execute,first-touch kill + clouds 12->41 live
wing,Dark,Void Rake,PASSIVE: laser and autos fire twice as fast,damage,STEADY,no (board),doubled cadence multiplies every stat gain,damage,2.21,3.04,2.36,1.71,3.29,10.22,10.02,5.12,0.00,0.00,0.00,0.00,0.10,0.23,0.25,0.19,-10.4,-17.5,-30.5,-25.7,3.0,2.3,1.6,1.2,3.0,2.3,1.6,1.2,0.0,0.0,0.0,0.0,0.0,0.0,0.0,0.0,0.91,0.99,0.81,0.64,0.77,STEADY,OK,user 2026-10-10: relabelled STEADY (was SCALER),M4 SPECIAL cadence cap (Wing hits x6 first),double cadence (alchemon_combat_stats.dart:427); 4.7-5.3x P50-P90 (too strong) then 3.0x as the x6 cap binds
wing,Ice,Ice Lance Burst,Held beam builds frost; enough freezes the target,control,SUPPORT,yes,freeze,damage,1.64,1.87,1.39,1.21,2.79,3.75,10.84,3.85,0.00,0.00,0.00,0.00,0.12,0.14,0.08,0.16,31.3,48.3,49.8,48.6,4.7,3.6,2.5,1.9,4.7,3.6,2.5,1.9,0.0,0.0,0.0,0.0,0.0,0.0,0.0,0.0,1.02,0.89,0.61,1.03,0.74,STEADY,OK,,M4 SPECIAL cadence cap (Wing hits x6 first),judged on damage; freeze build-up is a single-target rider
wing,Mud,Mire Rake,Bodies the beam touches are slowed for good,control,SUPPORT,yes,permanent slow,cc,1.59,1.85,1.52,1.21,2.73,4.46,3.96,4.82,0.00,0.00,0.00,0.00,0.15,0.16,0.13,0.14,524.8,757.1,1366.1,1553.7,4.7,3.6,2.5,1.9,4.7,3.6,2.5,1.9,12.6,19.5,27.5,30.5,14.0,21.6,30.8,33.8,,,,,2.96,SCALER,OK,,M4 SPECIAL cadence cap (Wing hits x6 first); M7 stacking,permanent slow: 593->2190 body-s
wing,Water,Tidal Beam,Heals the lowest-health ally or ship by % max HP; damages along the beam,support-heal,SUPPORT,yes,healer,heal,1.28,1.52,1.25,1.06,0.70,2.06,2.73,2.73,0.20,0.34,0.49,0.76,0.13,0.14,0.14,0.26,-7.2,-13.9,-23.6,-28.1,5.6,4.3,2.9,2.2,5.6,4.3,2.9,2.2,0.0,0.0,0.0,0.0,0.0,0.0,0.0,0.0,,,,,3.87,SCALER,OK,,M4 SPECIAL cadence cap (Wing hits x6 first); M10 uncapped heal,beam heal 0.32->1.12x incoming
let,Plant,Seed Bombardment,A kill grows five vine traps that each strike the first body,damage,STEADY,yes,kill-gated traps,damage,0.88,0.98,1.25,1.45,9.75,3.04,1.55,2.77,0.00,0.00,0.00,0.00,0.11,0.14,0.25,0.45,-3.0,-4.8,-12.5,-49.5,6.5,5.2,3.5,2.3,6.5,5.2,3.5,2.3,1.2,1.4,2.0,3.9,1.3,1.3,1.6,4.1,0.90,1.10,1.27,1.17,1.64,SCALER,"wrong curve (STEADY, measured SCALER)",,M7 stacking,vine traps 1.2->4.4 live
let,Air,Atmospheric Bomb,Meteor; any hit shoves everything nearby back,control,EARLY,yes,flat shove (deliberately on any hit),damage,1.19,1.18,1.13,1.33,5.91,3.25,2.86,3.15,0.00,0.00,0.00,0.00,0.26,0.32,0.43,0.54,219.0,375.0,428.2,199.8,4.8,3.8,2.6,1.7,4.8,3.8,2.6,1.7,0.0,0.0,0.0,0.0,0.0,0.0,0.0,0.0,0.95,0.94,0.80,0.86,1.12,STEADY,"wrong curve (EARLY, measured STEADY)",,,shove on any hit (user ruling); damage share 1.4-1.6 flat
let,Dust,Sandstorm Meteor,Impact leaves a slowing dust cloud,control,SUPPORT,yes,slow,damage,1.45,1.37,1.52,1.65,7.51,3.06,3.27,3.87,0.00,0.00,0.00,0.00,0.20,0.25,0.37,0.51,1325.1,1939.1,3124.4,3057.7,4.8,3.8,2.6,1.7,4.8,3.8,2.6,1.7,0.8,1.0,1.5,1.7,0.9,1.1,1.6,1.8,0.90,1.30,1.19,1.11,1.14,STEADY,OK,,,judged on damage; slow cloud is a rider
let,Lava,Volcanic Bombardment,Impact leaves burning ground,damage,STEADY,yes,ground DoT,damage,2.39,2.36,2.13,2.00,5.77,2.52,3.23,2.57,0.00,0.00,0.00,0.00,0.28,0.36,0.43,0.60,-6.2,-21.8,-54.0,-127.4,6.0,4.7,3.2,2.1,6.0,4.7,3.2,2.1,0.6,0.8,1.1,1.7,0.7,0.9,1.2,1.8,1.55,1.14,0.99,0.97,0.84,STEADY,OK,,M7 stacking,burning ground 0.6->1.7 live; share 3.0->2.0
let,Poison,Toxic Storm,Poisons what it hits,damage,STEADY,yes,DoT,damage,2.18,1.97,1.82,1.80,3.82,1.85,3.33,2.08,0.00,0.00,0.00,0.00,0.23,0.30,0.38,0.53,-2.8,-6.9,-26.9,-106.0,5.3,4.2,2.9,1.9,5.3,4.2,2.9,1.9,0.6,0.8,1.2,1.7,0.7,0.9,1.3,1.8,1.29,0.91,0.90,1.02,0.83,STEADY,OK,,,
let,Blood,Transfusion Meteor,A kill splits it into leeches that drain bodies and heal the team,support-heal,SUPPORT,yes,drain heal,heal,0.85,0.82,0.94,1.31,5.42,1.68,2.18,1.91,0.06,0.07,0.09,0.15,0.11,0.14,0.20,0.40,-0.8,-3.6,-7.8,-40.0,7.8,6.2,4.2,2.7,7.8,6.2,4.2,2.7,0.0,0.0,0.0,0.0,0.0,0.0,0.0,0.0,,,,,2.63,SCALER,OK,,,leech heal 0.06->0.14 of incoming; mostly a damage meteor
let,Earth,Moon Drop,Heaviest meteor; a share of damage dealt heals the lowest-HP ally or ship,damage,SCALER,yes,the big rock,damage,1.87,2.03,2.13,2.16,13.35,4.34,4.43,4.77,0.10,0.11,0.16,0.20,0.27,0.38,0.48,0.63,547.9,650.5,603.0,427.8,6.0,4.7,3.2,2.1,6.0,4.7,3.2,2.1,0.5,0.6,0.9,1.3,0.5,0.7,0.9,1.5,1.86,1.28,0.86,0.96,1.16,STEADY,"wrong curve (SCALER, measured STEADY)",,,heaviest rock; boss specialist (boss share 3.7-13.6)
let,Light,Celestial Rain,A kill leaves a pool of light that heals allies and ship,support-heal,SUPPORT,yes,heal pool,heal,0.62,0.72,0.93,1.32,3.67,1.98,2.27,1.85,0.45,0.48,0.54,0.82,0.07,0.14,0.22,0.43,-0.5,-4.2,-10.6,-42.1,7.8,6.2,4.2,2.7,7.8,6.2,4.2,2.7,0.6,0.8,1.1,1.7,0.7,0.9,1.2,1.9,,,,,1.81,SCALER,OK,,,heal pool 0.46->0.81 of incoming
let,Spirit,Soul Harvest,"Chance to one-shot (20%, rising with stats)",damage,EARLY,no (board),execute; board: chance rises with stats,damage,0.66,0.78,0.88,1.25,3.40,1.83,1.79,1.94,0.00,0.00,0.00,0.00,0.08,0.12,0.18,0.40,-0.0,-3.9,-9.7,-41.8,8.2,6.5,4.4,2.9,8.2,6.5,4.4,2.9,0.0,0.0,0.0,0.0,0.0,0.0,0.0,0.0,0.73,1.16,1.43,1.12,1.89,SCALER,"wrong curve (EARLY, measured SCALER)",,M11 per-cast execute,"the one-shot chance and cadence both rise with stats, so it SCALES (0.76->1.45) rather than front-loading"
let,Crystal,Starfall,"Half cooldown, weaker hits, 90% slow on what it hits",control,EARLY,no (board),"board: halved CD, weaker damage",damage,2.08,2.06,1.99,2.09,7.19,3.73,5.02,3.72,0.00,0.00,0.00,0.00,0.25,0.30,0.40,0.53,-0.9,-10.4,-31.9,-140.5,2.3,1.8,1.3,0.8,2.3,1.8,1.3,0.8,0.0,0.0,0.0,0.0,0.0,0.0,0.0,0.0,1.48,1.19,1.12,0.96,1.01,STEADY,"wrong curve (EARLY, measured STEADY)",,,half cooldown (0.55x element multiplier): 2.3->0.8 s; 2.5x flat
let,Fire,Flame Meteor,A kill sets off a big explosion,damage,SCALER,yes,kill-chain,damage,1.73,2.02,1.99,2.18,4.37,3.11,3.92,3.20,0.00,0.00,0.00,0.00,0.23,0.34,0.41,0.62,-5.6,-16.8,-49.1,-135.5,4.8,3.8,2.6,1.7,4.8,3.8,2.6,1.7,0.0,0.0,0.0,0.0,0.0,0.0,0.0,0.0,1.27,1.00,1.04,0.91,1.26,STEADY,"wrong curve (SCALER, measured STEADY)",,number excess,kill blast = 0.72x the meteor damage to everything in reach (cosmic_survival_game.dart:14707) on top of the crater; 5.4-6.7x at every band
let,Lightning,Orbital Strike,Hits chain to nearby bodies,damage,STEADY,yes,chain,damage,0.79,0.92,1.18,1.39,3.58,2.37,4.28,2.34,0.00,0.00,0.00,0.00,0.11,0.15,0.23,0.44,-2.7,-4.1,-9.0,-53.7,6.5,5.2,3.5,2.3,6.5,5.2,3.5,2.3,0.0,0.0,0.0,0.0,0.0,0.0,0.0,0.0,1.09,1.20,1.01,1.28,1.76,SCALER,"wrong curve (STEADY, measured SCALER)",,,
let,Steam,Geyser Strike,A kill leaves a long-lived geyser that pushes bodies,control,SUPPORT,yes,push zone,damage,2.63,2.56,2.07,1.72,5.74,2.63,3.41,2.59,0.00,0.00,0.00,0.00,0.30,0.37,0.42,0.51,2.5,-5.6,-30.3,-91.7,6.0,4.7,3.2,2.1,6.0,4.7,3.2,2.1,1.2,1.6,1.7,1.7,1.4,1.8,1.8,1.8,1.36,1.11,0.82,1.06,0.65,EARLY,"wrong curve (SUPPORT, measured EARLY)",,M7 stacking,judged on damage; geysers 1.6->4.4 live; 3.4x at P50 falling to 2.2x
let,Dark,Void Meteor,"A kill throws up to five more, bigger meteors",damage,SCALER,yes,kill-chain bombardment,damage,1.80,1.82,2.25,2.76,6.64,4.51,2.16,4.30,0.00,0.00,0.00,0.00,0.20,0.23,0.38,0.69,55.7,51.7,178.5,489.1,8.8,7.0,4.8,3.1,8.8,7.0,4.8,3.1,0.0,0.0,0.0,0.0,0.0,0.0,0.0,0.0,0.79,0.73,0.71,0.79,1.54,SCALER,OK,,number excess; M11 execute-style credit,"follow-up bombardment on kills; 3.1-4.9x at every band, rising"
let,Ice,Comet Cluster,Freezes what it hits,control,SUPPORT,yes,freeze,damage,0.63,0.82,0.96,1.29,5.00,1.75,3.68,1.60,0.00,0.00,0.00,0.00,0.10,0.14,0.21,0.38,0.9,-4.4,-8.7,-41.2,7.8,6.2,4.2,2.7,7.8,6.2,4.2,2.7,0.0,0.0,0.0,0.0,0.0,0.0,0.0,0.0,1.53,0.64,1.07,1.12,2.07,SCALER,OK,,,judged on damage; freeze rider
let,Mud,Quagmire Meteor,A kill leaves a pool that stuns bodies inside,control,SUPPORT,yes,stun pool,damage,1.20,1.40,1.40,1.43,6.38,2.47,1.68,3.01,0.00,0.00,0.00,0.00,0.24,0.32,0.41,0.55,1882.2,2844.7,3647.3,4191.2,6.0,4.7,3.2,2.1,6.0,4.7,3.2,2.1,0.7,0.9,1.3,1.7,0.8,1.0,1.4,1.8,2.05,1.04,1.31,1.12,1.19,STEADY,OK,,,judged on damage; stun pool rider
let,Water,Tidal Meteor,Impact splashes the bodies around it,damage,STEADY,yes,splash,damage,1.06,1.10,1.28,1.55,7.46,2.92,3.17,3.51,0.00,0.00,0.00,0.00,0.14,0.20,0.30,0.47,-1.6,-4.6,-11.1,-67.1,5.3,4.2,2.9,1.9,5.3,4.2,2.9,1.9,0.0,0.0,0.0,0.0,0.0,0.0,0.0,0.0,1.00,1.14,1.10,1.09,1.46,STEADY,OK,,,
pip,Plant,Thorn Ricochet,Kills feed the alchemy meter 50% more,utility,STEADY,yes,tempo; the harness cannot see the meter,damage,0.21,0.25,0.26,0.30,3.01,1.11,0.57,1.02,0.03,0.05,0.07,0.19,0.05,0.04,0.04,0.08,0.9,-1.2,-5.8,-10.6,4.4,3.5,2.4,1.4,4.4,3.5,2.4,1.4,0.0,0.0,0.0,0.0,0.0,0.0,0.0,0.0,,,,,1.45,STEADY,too weak at P50/P70/P90/P100E10,harness-blind: pays out in alchemy meter,M14 single-target darts trail on hordes; M13 harness-blind (alchemy meter),
pip,Air,Cyclone Chain,Ricochets; survivors are pushed back,control,EARLY,yes,flat shove,cc,0.43,0.45,0.51,0.50,0.47,0.31,0.01,0.24,0.00,0.00,0.00,0.00,0.04,0.06,0.06,0.09,0.7,2.2,1.3,-0.1,4.4,3.5,2.4,1.4,4.4,3.5,2.4,1.4,0.0,0.0,0.0,0.0,0.0,0.0,0.0,0.0,,,,,,NONE,too weak at P50/P70/P90/P100E10,,M14 single-target darts trail on hordes,shove rider barely registers (cc ~0); damage 0.5x
pip,Dust,Sand Chain,Ricochets; a kill leaves a small slowing dust cloud,control,SUPPORT,yes,slow,cc,0.66,0.44,0.55,0.54,3.42,1.34,1.23,1.61,0.00,0.00,0.00,0.00,0.14,0.12,0.18,0.20,1901.7,2973.6,5325.3,7389.9,4.4,3.5,2.4,1.4,4.4,3.5,2.4,1.4,8.5,14.4,25.9,42.9,10.4,16.3,32.9,51.7,,,,,3.89,SCALER,OK,,M14 single-target darts trail on hordes; M7 stacking,dust clouds 8.7->57.5 live: control x4.5
pip,Lava,Magma Chain,Survivors burn,damage,STEADY,yes,DoT,damage,0.28,0.22,0.21,0.14,2.56,1.12,1.28,1.00,0.00,0.00,0.00,0.00,0.04,0.03,0.01,-0.01,-1.4,0.7,-3.3,-5.5,4.6,3.7,2.5,1.5,4.6,3.7,2.6,1.5,0.0,0.0,0.0,0.0,0.0,0.0,0.0,0.0,,,,,0.51,EARLY,"too weak at P50/P70/P90/P100E10; wrong curve (STEADY, measured EARLY)",,M14 single-target darts trail on hordes,0.14-0.26x at every band
pip,Poison,Pandemic Chain,Draws a poison line between hit bodies that lasts until the next cast,damage,STEADY,yes,line DoT,damage,1.11,1.08,0.80,0.64,1.12,0.71,1.07,0.89,0.00,0.00,0.00,0.00,0.10,0.11,0.16,0.14,-1.9,-5.9,-7.6,-15.8,5.1,4.1,2.8,1.6,5.1,4.1,2.8,1.7,8.0,12.3,11.2,16.0,8.5,13.5,11.8,16.0,1.23,0.95,1.24,1.42,0.57,EARLY,"wrong curve (STEADY, measured EARLY)",,M14 single-target darts trail on hordes; M7 stacking,poison lines 8->16 live
pip,Blood,Hemorrhage Chain,Kills heal the blood pip,damage,EARLY,yes,self-sustain,damage,0.29,0.21,0.28,0.20,4.17,1.72,1.85,1.72,0.00,0.00,0.00,0.00,-0.01,0.02,0.04,0.03,-1.3,-0.1,-5.0,-5.2,6.1,4.9,3.4,2.0,6.2,4.9,3.4,2.0,0.0,0.0,0.0,0.0,0.0,0.0,0.0,0.0,,,,,0.69,STEADY,too weak at P50/P70/P90/P100E10,,M14 single-target darts trail on hordes,heals only itself; 0.25-0.42x
pip,Earth,Tremor Chain,Each auto shaves the special cooldown,damage,SCALER,no (board),more autos at high stats -> more casts,damage,0.78,0.94,1.01,1.75,9.91,3.97,4.55,7.27,0.00,0.00,0.00,0.00,0.09,0.17,0.19,0.51,-4.2,-6.5,-13.5,-76.2,4.4,3.5,2.4,1.4,1.4,0.8,0.3,0.1,0.0,0.0,0.0,0.0,0.0,0.0,0.0,0.0,1.02,0.91,1.00,0.96,2.25,SCALER,OK,,cadence feedback (autos shave the CD),measured interval 1.4 -> 0.1 s at P100E10: the special fires on nearly every auto once autos are fast; a true scaler
pip,Light,Blessing Chain,Kills heal the orb,support-heal,SUPPORT,yes,orb heal,heal,0.19,0.19,0.23,0.19,0.24,0.27,-0.00,0.16,0.08,0.13,0.20,0.38,0.03,0.05,0.03,0.01,-2.6,-0.5,-5.6,-8.0,6.1,4.9,3.4,2.0,6.1,4.9,3.4,2.0,0.0,0.0,0.0,0.0,0.0,0.0,0.0,0.0,,,,,4.47,SCALER,OK,,M14 single-target darts trail on hordes,orb heal 0.08->0.43 of incoming (kill-gated)
pip,Spirit,Haunt Chain,"Kills stack; at the threshold, a window of up to 10x attack speed",damage,RAMP,no (board),board: kill stacks to a window (scaling),damage,0.34,0.20,0.30,0.22,7.89,3.24,3.91,3.81,0.00,0.00,0.00,0.00,-0.02,0.04,0.06,0.01,-5.2,-8.8,-6.3,-13.1,6.1,4.9,3.4,2.0,6.2,5.0,3.4,2.0,0.0,0.0,0.0,0.0,0.0,0.0,0.0,0.0,,,,,0.64,EARLY,"too weak at P70/P90/P100E10; wrong curve (RAMP, measured EARLY, no in-run ramp)",,M14 single-target darts trail on hordes; M15 ramp too short,kill stacks peak at 4-6 and reset; no in-run ramp in 120 s; 0.25-0.37x
pip,Crystal,Crystal Shatter,The last kill leaves a taunting crystal,support-protect,SUPPORT,yes,taunt,protect,0.29,0.21,0.33,0.36,1.27,0.83,0.99,0.84,0.00,0.00,0.00,0.00,0.06,0.03,0.01,0.08,-2.4,-0.7,-8.6,-8.8,6.1,4.9,3.4,2.0,6.2,4.9,3.4,2.0,0.6,1.0,1.8,3.6,0.7,1.3,1.9,4.1,,,,,1.47,STEADY,too weak at P70/P90,,M14 single-target darts trail on hordes,taunt crystal
pip,Fire,Flame Ricochet,Kills leave burning pools,damage,STEADY,yes,DoT pools,damage,1.34,1.23,1.25,1.17,1.32,0.94,1.22,1.00,0.00,0.00,0.00,0.00,0.13,0.16,0.25,0.28,-3.6,-9.0,-18.8,-39.2,5.1,4.1,2.8,1.6,5.1,4.1,2.8,1.7,3.9,6.6,9.9,17.3,4.9,8.8,12.8,21.8,1.00,1.46,1.08,1.20,0.88,STEADY,OK,,M14 single-target darts trail on hordes; M7 stacking,burning pools 3.8->26.7 live (x7)
pip,Lightning,Thunder Chain,Double the ricochets (most bounces),damage,SCALER,no (board),bounce count grows with stats,damage,0.97,1.15,1.08,1.11,2.24,1.65,2.42,1.67,0.00,0.00,0.00,0.00,0.11,0.15,0.18,0.23,-6.2,-10.7,-19.8,-40.9,4.4,3.5,2.4,1.4,4.4,3.5,2.4,1.4,0.0,0.0,0.0,0.0,0.0,0.0,0.0,0.0,1.61,1.15,0.80,1.00,1.14,STEADY,"wrong curve (SCALER, measured STEADY)",,M12 count growth (bounces x1.9),"most bounces; 1.1-1.3x, flat"
pip,Steam,Steam Ricochet,A steam cloud ramps its attack speed 50% -> 300% over a window,damage,RAMP,no (board),board: 50%-300% ramp,damage,0.27,0.21,0.24,0.25,1.42,1.25,1.67,1.42,0.00,0.00,0.00,0.00,0.03,0.04,-0.00,0.05,0.6,-0.7,-2.0,-7.8,5.1,4.1,2.8,1.6,5.1,4.1,2.8,1.7,0.0,0.0,0.0,0.0,0.0,0.0,0.0,0.0,,,,,0.93,STEADY,"too weak at P50/P70/P90/P100E10; wrong curve (RAMP, measured STEADY, no in-run ramp)",,M14 single-target darts trail on hordes; M13 harness-blind,"haste window feeds its autos; 0.09-0.29x; the 9 s window is a cycle, not a run-long ramp"
pip,Dark,Black Hole Passive,PASSIVE: auto kills open black holes that suck bodies in,control,STEADY,yes,passive; rides auto kills,damage,2.83,2.35,1.65,1.47,1.03,1.05,-0.13,0.45,0.00,0.00,0.00,0.00,0.27,0.29,0.24,0.25,-6.4,-14.6,-25.2,-64.1,7.3,5.8,4.0,2.4,,,,,9.5,10.8,11.6,14.9,14.6,15.8,16.3,21.8,,,,,0.52,EARLY,"wrong curve (STEADY, measured EARLY)",,passive,black holes from auto kills: 3.3x at P50 falling to 1.8x
pip,Ice,Frost Chain,Survivors freeze,control,SUPPORT,yes,freeze,cc,0.32,0.34,0.39,0.34,2.47,1.08,1.81,0.85,0.00,0.00,0.00,0.00,0.03,0.04,0.06,0.04,1.6,5.4,7.3,18.2,5.1,4.1,2.8,1.6,5.1,4.1,2.8,1.7,0.0,0.0,0.0,0.0,0.0,0.0,0.0,0.0,,,,,3.64,SCALER,too weak at P50/P70/P90/P100E10,,M14 single-target darts trail on hordes,freeze on survivors: 3->23 body-s
pip,Mud,Mire Ricochet,Hit bodies leave mud trails that slow others,control,SUPPORT,yes,slow trails,cc,0.16,0.19,0.20,0.22,2.27,0.88,0.71,1.38,0.00,0.00,0.00,0.00,0.05,0.02,-0.00,0.09,-215.2,-305.1,14.1,-804.7,5.1,4.1,2.8,1.6,5.1,4.1,2.8,1.7,0.0,0.0,0.0,0.0,0.0,0.0,0.0,0.0,,,,,-160.95,EARLY,"too weak at P50/P70/P90/P100E10; wrong curve (SUPPORT, measured EARLY)","control reading is noise around zero (trails are budgeted, kPipMudTrailBudget 48); the collapse flag is not real",M14 single-target darts trail on hordes,mud trails on hit bodies (budget kPipMudTrailBudget 48); control noisy around 0
pip,Water,Tidal Ricochet,Each kill splashes; a last-hit kill splashes hugely,damage,SCALER,yes,splash chain,damage,1.95,1.90,1.85,1.81,0.62,0.18,0.01,0.31,0.00,0.00,0.00,0.00,0.20,0.25,0.29,0.34,-14.3,-30.3,-62.9,-95.5,5.1,4.1,2.8,1.6,5.1,4.1,2.8,1.7,0.0,0.0,0.0,0.0,0.0,0.0,0.0,0.0,0.88,1.21,0.78,0.86,0.93,STEADY,"wrong curve (SCALER, measured STEADY)",,,splash chain 2.1-2.4x flat
mane,Plant,Vine Lariat,Thickens with every body pierced; roots; rooted kills explode,damage,STEADY,yes,per-shot growth,damage,2.47,2.56,2.32,2.51,1.04,1.37,0.58,1.81,0.00,0.00,0.00,0.00,0.24,0.28,0.37,0.50,-6.5,-7.2,-18.4,-32.8,3.4,2.7,1.9,1.1,3.4,2.7,1.9,1.1,0.0,0.0,0.0,0.0,0.0,0.0,0.0,0.0,1.14,1.12,1.13,0.87,1.02,STEADY,OK,,number excess; trimmed 0.71 (kSpecialBalanceTrim),rooted-kill explosions; 4.9-6.1x at every band
mane,Air,Windblade Sweep,Fast shot that carries the bodies in its path,control,EARLY,no (board),board: 2x speed shove,damage,1.94,1.94,1.84,2.05,1.32,3.65,3.20,3.81,0.00,0.00,0.00,0.00,0.17,0.21,0.26,0.43,0.3,0.1,4.1,-9.0,2.3,1.9,1.3,0.8,2.3,1.9,1.3,0.8,0.0,0.0,0.0,0.0,0.0,0.0,0.0,0.0,0.69,0.88,1.01,0.94,1.06,STEADY,"wrong curve (EARLY, measured STEADY)",,,
mane,Dust,Sandblade Fan,Leaves a dust trail; bodies inside cannot shoot,control,SUPPORT,yes,anti-shooter,damage,2.69,2.66,2.48,2.79,2.32,5.10,2.98,6.42,0.00,0.00,0.00,0.00,0.23,0.22,0.36,0.51,332.7,368.4,320.3,134.2,2.3,1.9,1.3,0.8,2.3,1.9,1.3,0.8,92.0,93.2,91.7,88.2,107.4,107.0,105.7,100.7,0.97,1.12,1.31,1.12,1.04,STEADY,OK,,M9 pool share,~106 trail segments live at every band (half the 220-slot pool); 2.7-3.5x damage for a control ability
mane,Lava,Molten Cleave,Drops a lava blob at every body it pierces,damage,STEADY,yes,DoT blobs,damage,2.78,3.09,2.56,2.55,1.15,2.31,3.00,3.67,0.00,0.00,0.00,0.00,0.23,0.34,0.39,0.50,-12.5,-25.4,-38.2,-73.5,2.8,2.2,1.5,0.9,2.8,2.2,1.5,0.9,4.2,5.3,6.4,6.7,4.5,5.8,7.2,7.6,0.81,1.35,0.98,1.03,0.92,STEADY,OK,"pool-capped from P50 (M9): measured output is a floor set by the 220-slot pool, and it starves a party",M9 pool cap,"blobs hold 102->161 of the 220-slot companion pool (max 217-218 at every band): output clamped by the pool, and in a party it starves everyone else"
mane,Poison,Venom Edge,Each body pierced adds a poison stack; stacks hit harder,damage,SCALER,yes,stacking DoT,damage,2.51,2.54,2.26,2.62,0.57,1.54,1.50,2.19,0.00,0.00,0.00,0.00,0.22,0.25,0.35,0.55,-11.0,-24.3,-39.7,-74.6,2.3,1.9,1.3,0.8,2.3,1.9,1.3,0.8,0.0,0.0,0.0,0.0,0.0,0.0,0.0,0.0,0.82,0.98,1.06,0.94,1.04,STEADY,"wrong curve (SCALER, measured STEADY)",,,
mane,Blood,Bloodedge Rush,Heals the orb for each body pierced,support-heal,SUPPORT,yes,orb heal,heal,2.01,2.16,1.97,2.28,1.54,2.35,1.56,3.13,0.03,0.02,0.02,0.01,0.14,0.22,0.33,0.46,-11.1,-22.8,-31.0,-61.1,2.8,2.2,1.5,0.9,2.8,2.2,1.5,0.9,0.0,0.0,0.0,0.0,0.0,0.0,0.0,0.0,,,,,0.50,EARLY,"too weak at P50/P70/P90/P100E10; wrong curve (SUPPORT, measured EARLY)",over-heals: 1.4x-8x of all incoming orb damage,M10 uncapped heal,10% of shot damage per body pierced (mane_runtime.dart:368) to the orb: 1.4x -> 8.0x of all incoming orb damage
mane,Earth,Faultline Guardbreak,"Starts huge, crawls, breaks apart into smaller shots",damage,SCALER,yes,the big catapult,damage,2.60,3.00,2.92,3.14,1.28,2.44,1.01,3.41,0.00,0.00,0.00,0.00,0.21,0.31,0.39,0.57,-13.5,-31.0,-49.5,-82.9,2.8,2.2,1.5,0.9,2.8,2.2,1.5,0.9,9.5,13.6,20.7,36.4,12.1,17.2,26.9,47.4,1.26,1.44,0.94,1.10,1.21,STEADY,"wrong curve (SCALER, measured STEADY)",,M7 stacking; trimmed 0.88 (kSpecialBalanceTrim),fragments 9.5->36 live; 3.4-3.6x
mane,Light,Radiant Ward,Orbiting ward rings that grow every cast (up to 10 feedings),damage,RAMP,no (board),board: rings fed per cast,damage,1.04,0.87,0.52,0.64,0.26,0.79,0.32,0.98,0.00,0.00,0.00,0.00,0.10,0.14,0.13,0.18,-5.8,-12.0,-13.4,-15.4,3.4,2.7,1.9,1.1,3.4,2.7,1.9,1.1,2.3,2.4,2.5,3.4,2.7,2.7,2.8,3.8,0.88,0.89,1.97,1.01,0.62,EARLY,"wrong curve (RAMP, measured EARLY, no in-run ramp)",,M15 ramp too short,"ward feedings reach their cap (10) in 10 casts: 34 s at P50, 11 s at P100E10, so the ramp is gone at high stats; 1.2->0.8x"
mane,Spirit,Phaseblade Rush,"Each cast adds a shot to the stream, 1 -> 10, then resets",damage,RAMP,no (board),board: 1 -> 10 per cast,damage,2.12,2.11,1.96,2.01,0.81,4.43,3.52,7.30,0.00,0.00,0.00,0.00,0.18,0.18,0.26,0.39,-8.7,-19.4,-29.7,-52.3,3.4,2.7,1.9,1.1,3.4,2.7,1.9,1.1,0.0,0.0,0.0,0.0,0.0,0.0,0.0,0.0,0.82,1.64,1.28,1.23,0.94,STEADY,"wrong curve (RAMP, measured STEADY, no in-run ramp)",,M15 ramp too short,"1->10 stream resets every 10 casts: a 34 s sawtooth at P50, 11 s at P100E10; averages out to STEADY"
mane,Crystal,Prism Edge,Explodes for huge AoE when it hits a boss,damage,SCALER,yes,the boss answer should keep pace with boss HP,damage,2.54,2.83,2.52,3.24,48.24,10.37,12.07,4.95,0.00,0.00,0.00,0.00,0.18,0.28,0.39,0.57,-14.1,-30.4,-53.4,-94.8,3.4,2.7,1.9,1.1,3.4,2.7,1.9,1.1,0.0,0.0,0.0,0.0,0.0,0.0,0.0,0.0,1.55,1.22,1.13,0.86,1.28,STEADY,"wrong curve (SCALER, measured STEADY)",boss instakill at every band (user ruling keeps it),M11 boss instakill,every cast that reaches a boss kills it outright at every band (held-boss runs: boss removed in 3-5 s) - user ruling keeps it; non-boss 2.9-3.9x
mane,Fire,Flameblade Combo,3-8 fast fireballs,damage,SCALER,no (board),board: 3-8 by stats,damage,2.61,2.67,2.52,3.08,0.39,1.18,0.87,1.54,0.00,0.00,0.00,0.00,0.19,0.21,0.28,0.54,-19.1,-32.7,-52.9,-100.4,3.4,2.7,1.9,1.1,3.4,2.7,1.9,1.1,0.0,0.0,0.0,0.0,0.0,0.0,0.0,0.0,1.21,1.19,0.93,0.90,1.18,STEADY,"wrong curve (SCALER, measured STEADY)",,M12 count compound,"fireballs 4->8 (x2) and payload x5.0 on top of cadence x3: 5.0x -> 7.1x, rising"
mane,Lightning,Storm Rod Field,5-10 orbs placed on the map shock nearby bodies,damage,SCALER,no (board),board: 5-10 by stats,damage,1.76,1.76,1.58,1.33,0.19,0.71,1.17,0.81,0.00,0.00,0.00,0.00,0.09,0.18,0.21,0.25,-15.2,-33.2,-55.8,-85.7,3.3,2.7,1.8,1.1,3.3,2.7,1.8,1.1,6.9,9.9,12.8,15.4,7.9,11.2,14.7,17.1,0.74,1.08,0.90,0.93,0.76,STEADY,"wrong curve (SCALER, measured STEADY)",,M12 count compound; M7 stacking,orbs 7->22 live; 1.8-2.2x
mane,Steam,Pressure Vent Cuts,Geyser shot leaves steam damage zones as it travels,damage,STEADY,yes,zones,damage,2.21,2.71,2.32,2.72,0.88,2.21,2.02,2.19,0.00,0.00,0.00,0.00,0.20,0.24,0.33,0.50,12.4,-1.0,-5.3,-31.2,2.8,2.2,1.5,0.9,2.8,2.2,1.5,0.9,14.8,20.0,29.6,49.8,18.5,24.7,37.9,63.7,1.36,0.92,0.96,0.88,1.23,STEADY,OK,,M7 stacking,steam zones 15->51 live
mane,Dark,Voidcut Drive,Slow bolt that drags bodies in and eats low-health ones,damage,EARLY,yes,execute is flat by nature,damage,2.65,2.76,2.55,3.05,0.93,3.96,1.52,3.64,0.00,0.00,0.00,0.00,0.28,0.33,0.44,0.58,63.4,110.0,255.4,560.6,3.4,2.7,1.9,1.1,3.4,2.7,1.9,1.1,0.0,0.0,0.0,0.0,0.0,0.0,0.0,0.0,0.73,1.19,0.80,0.74,1.15,STEADY,"wrong curve (EARLY, measured STEADY)",,M11 execute credit,execute books the whole remaining HP; 4.3-6.0x at every band
mane,Ice,Frostguard Cleave,Freezes everything it touches,control,SUPPORT,yes,freeze,damage,2.23,2.21,1.87,2.18,1.39,2.26,3.27,2.36,0.00,0.00,0.00,0.00,0.17,0.21,0.29,0.46,11.3,10.3,16.2,1.8,2.8,2.2,1.5,0.9,2.8,2.2,1.5,0.9,0.0,0.0,0.0,0.0,0.0,0.0,0.0,0.0,1.30,0.92,1.44,1.20,0.98,STEADY,OK,,,judged on damage
mane,Mud,Bogbreaker Combo,Breaks on the first body into 10 shards,damage,STEADY,yes,shrapnel,damage,0.78,0.72,0.53,0.42,1.23,1.62,1.25,3.44,0.00,0.00,0.00,0.00,0.10,0.08,0.09,0.12,14.1,11.8,7.5,-2.9,2.8,2.2,1.5,0.9,2.8,2.2,1.5,0.9,0.0,0.0,0.0,0.0,0.0,0.0,0.0,0.0,1.00,1.00,1.36,2.47,0.55,EARLY,"wrong curve (STEADY, measured EARLY)",,,shards; 0.9 -> 0.56x
mane,Water,Tidecross Volley,A wall of water that carries bodies with it,control,SUPPORT,yes,sweep,damage,1.77,1.92,1.90,2.25,0.96,1.65,1.16,3.00,0.00,0.00,0.00,0.00,0.18,0.23,0.30,0.51,27.6,32.8,46.2,63.3,2.8,2.2,1.5,0.9,2.8,2.2,1.5,0.9,0.0,0.0,0.0,0.0,0.0,0.0,0.0,0.0,1.01,1.33,0.99,1.15,1.27,STEADY,OK,,,judged on damage; sweep rider
mask,Plant,Vine Snare Construct,"One vine, fed bigger every cast; attacks and slows",damage,RAMP,no (board),board: grows per cast,damage,0.26,0.35,0.17,0.15,0.30,0.12,-0.06,0.02,0.00,0.00,0.00,0.00,-0.01,0.02,-0.01,0.03,23.7,45.0,24.6,29.6,21.9,17.1,11.6,7.9,21.9,17.1,11.6,7.9,0.8,0.9,0.9,0.9,0.9,0.9,1.0,1.0,,1.88,,,0.58,EARLY+RAMP,too weak at P50/P90/P100E10,,M1 Mask cadence ignores SPECIAL; M15 ramp too short,"the vine grows per CAST, and casts come every 31-44 s: 3-4 feedings in two minutes"
mask,Air,Cyclone Lure Field,3-25 traps that blow bodies back,control,SUPPORT,no (board),board: count 3-25 by stats,cc,0.83,0.67,0.69,0.62,0.36,0.57,0.56,0.89,0.00,0.00,0.00,0.00,0.05,0.12,0.20,0.26,10.0,16.4,22.1,9.0,14.9,11.7,8.0,5.4,14.9,11.7,8.0,5.4,14.1,19.1,23.4,34.9,16.7,23.7,28.2,40.5,,,,,0.90,STEADY,too weak at P50/P70/P90/P100E10,,M1 Mask cadence ignores SPECIAL; M7 stacking,"traps 8->21 live, control still small; 0.2-0.4x"
mask,Dust,Caltrop Lure Field,A dust shield round each alchemon that hurts what collides,support-protect,SUPPORT,yes,shield,protect,0.24,0.24,0.24,0.11,0.08,0.04,-0.02,-0.05,0.00,0.00,0.00,0.00,0.01,0.02,0.04,0.08,-0.8,0.5,1.7,3.4,16.5,12.9,8.8,6.0,16.5,12.9,8.8,6.0,0.5,0.6,0.6,0.7,0.6,0.6,0.6,0.7,,,,,5.81,SCALER,too weak at P50/P70,,M1 Mask cadence ignores SPECIAL,one shield ring per ally; protect ~0.01-0.03
mask,Lava,Volcanic Taunt Idol,5-15 lava pools,damage,SCALER,no (board),board: 5-15 by stats,damage,0.38,0.70,0.58,0.68,1.08,2.86,1.77,4.02,0.00,0.00,0.00,0.00,0.00,0.09,0.14,0.29,-0.8,-7.7,-13.2,-20.4,20.3,15.8,10.8,7.3,20.3,15.8,10.8,7.3,3.3,5.5,9.1,17.6,3.7,5.4,10.0,19.7,,0.74,1.39,0.64,1.78,SCALER,OK,,M1 Mask cadence ignores SPECIAL; M12 count growth,0.16->0.37x
mask,Poison,Plague Snare Grid,Poison clouds,damage,STEADY,yes,DoT clouds,damage,0.34,0.91,0.68,0.86,0.65,1.34,1.31,2.83,0.00,0.00,0.00,0.00,0.03,0.13,0.17,0.36,-2.4,-8.6,-13.8,-36.7,18.7,14.6,9.9,6.7,18.7,14.6,9.9,6.8,3.0,5.2,8.0,16.6,3.3,5.3,9.0,19.0,,0.04,0.81,0.82,2.51,SCALER,"wrong curve (STEADY, measured SCALER)",,M1 Mask cadence ignores SPECIAL,
mask,Blood,Blood Lure Obelisk,"Bodies through the blob are drained for good, healing all alchemons",support-heal,SUPPORT,yes,drain heal,heal,-0.04,0.10,0.05,0.01,-0.08,-0.00,-0.42,-0.05,0.12,0.24,0.32,0.79,-0.01,0.02,0.05,0.11,0.8,0.9,-0.8,-2.1,28.3,22.1,15.1,10.2,28.3,22.1,15.1,10.2,0.5,0.7,0.9,1.4,0.5,0.7,1.0,1.6,,,,,6.65,SCALER,OK,,M1 Mask cadence ignores SPECIAL,drain heal 0.02-0.05 of incoming
mask,Earth,Monolith Taunt Field,2-5 heal pools for ship and alchemons,support-heal,SUPPORT,no (board),board: 2-5 by stats,heal,-0.02,-0.02,0.02,0.01,-0.03,-0.01,-0.31,0.08,0.09,0.11,0.13,0.15,-0.03,-0.01,-0.02,-0.02,1.9,-0.1,1.2,1.1,21.9,17.1,11.6,7.9,21.9,17.1,11.6,7.9,1.6,2.1,4.0,7.6,1.6,2.3,4.5,8.9,,,,,1.76,SCALER,OK,,M1 Mask cadence ignores SPECIAL,heal pools heal the ship/alchemons only: 0.01-0.05 of incoming
mask,Light,Beacon Snare Field,A light void kills the first body to touch it,damage,EARLY,yes,execute is flat by nature,damage,0.02,-0.06,-0.06,-0.03,-0.06,-0.00,-0.36,-0.02,0.00,0.00,0.00,0.00,-0.02,-0.01,-0.04,0.00,0.5,0.4,4.2,0.0,38.4,30.0,20.4,13.9,38.4,30.0,20.4,13.9,0.0,0.0,0.0,0.0,0.0,0.0,0.0,0.0,,,,,,NONE,too weak at P50/P70/P90/P100E10,"design question (final balance, 2026-10-10): one execute per cast is the board's single ""light void""; behaviour left alone, so it reads near 0 on damage at every band",M1 Mask cadence ignores SPECIAL; M11 per-cast execute,one instakill trap every 55-77 s: ~0 at every band
mask,Spirit,Phantom Lure Totem,Wisps the ship collects; enough of them nukes every non-boss,damage,RAMP,no (board),board: bank to a threshold (assumed ramp),damage,3.18,3.00,2.53,2.44,-0.03,0.04,-0.16,-0.21,0.00,0.00,0.00,0.00,0.05,0.18,0.24,0.31,-4.2,-11.5,-24.1,-44.5,31.5,24.5,16.8,11.4,31.7,24.6,16.8,11.5,0.0,0.0,0.0,0.0,0.0,0.0,0.0,0.0,6.26,3.09,0.10,0.73,0.77,STEADY+RAMP,OK,,M1 Mask cadence ignores SPECIAL; M13 harness-blind (ship pickup),wisp bank reaches 5; nuke share 0.5->1.6x
mask,Crystal,Prism Snare Totem,3-7 big crystals; each breaks into 3 on contact,damage,SCALER,no (board),board: 3-7 by stats,damage,0.19,0.49,0.39,0.47,1.11,0.96,1.42,1.19,0.00,0.00,0.00,0.00,-0.02,0.08,0.04,0.16,-0.3,-8.2,-8.6,-18.7,20.3,15.8,10.8,7.3,20.3,15.8,10.8,7.3,3.2,5.5,8.4,11.8,3.4,5.3,8.4,12.2,,0.49,1.31,1.38,2.50,SCALER+RAMP,too weak at P50,,M1 Mask cadence ignores SPECIAL; M12 count growth,
mask,Fire,Inferno Lure Grid,5-15 fireballs; a contact leaves a burning pool,damage,SCALER,no (board),board: 5-15 by stats,damage,0.61,0.83,0.71,0.81,1.00,2.39,2.19,5.19,0.00,0.00,0.00,0.00,0.07,0.11,0.13,0.28,-2.8,-7.6,-14.1,-30.6,17.6,13.7,9.4,6.4,17.6,13.7,9.4,6.4,4.3,6.0,10.2,20.9,4.5,6.6,11.2,23.0,,0.90,1.17,0.87,1.31,STEADY,"wrong curve (SCALER, measured STEADY)",,M1 Mask cadence ignores SPECIAL; M12 count growth,
mask,Lightning,Tesla Snare Grid,A field that grows with every body that hits it,damage,RAMP,no (board),board: grows per body,damage,1.45,1.99,1.40,1.43,0.04,0.41,0.29,0.37,0.00,0.00,0.00,0.00,0.12,0.26,0.31,0.42,-5.6,-19.1,-33.2,-49.3,23.5,18.3,12.5,8.5,23.5,18.3,12.5,8.5,1.2,1.3,1.6,2.3,2.5,2.4,3.3,4.4,32.23,3.83,1.89,1.16,0.99,STEADY+RAMP,OK,,M1 Mask cadence ignores SPECIAL,the field grows per body: the one clear in-run ramp (last third 2.5-6x the first)
mask,Steam,Steam Pressure Lure,Mini geysers that shoot at bodies,damage,STEADY,yes,turrets,damage,1.52,2.09,1.67,1.95,5.99,8.17,12.99,9.98,0.00,0.00,0.00,0.00,0.19,0.31,0.39,0.55,7.9,15.8,12.0,3.6,18.7,14.6,9.9,6.7,18.7,14.6,10.0,6.8,2.8,4.8,7.8,12.9,3.1,5.2,9.2,15.2,0.85,1.32,0.99,0.64,1.29,STEADY,OK,,M1 Mask cadence ignores SPECIAL,turrets hit the boss well (boss share 5.7-8.4)
mask,Dark,Void Taunt Well,A hole that throws bodies out of the arena,control,EARLY,no (board),removal ignores HP; board: radius scales with stats,cc,-0.06,-0.13,-0.03,0.02,-0.03,-0.10,-0.28,0.09,0.00,0.00,0.00,0.00,-0.04,0.00,-0.01,0.06,72.1,122.4,192.1,427.5,34.2,26.6,18.2,12.3,34.2,26.6,18.2,12.3,0.3,0.4,0.5,0.8,0.3,0.4,0.6,0.9,,,,,5.93,SCALER,"wrong curve (EARLY, measured SCALER)","user 2026-10-10: judged on control (was protect); throwing bodies out is control, and its protect reading is ~0 by construction",M1 Mask cadence ignores SPECIAL,yeets bodies; protect ~0
mask,Ice,Frost Snare Totem,A pillar that makes nearby allies hit 2-5x harder,utility,SCALER,no (board),board: 2x-5x buff,damage,0.38,0.29,0.31,0.30,0.18,1.31,1.94,1.51,0.00,0.00,0.00,0.00,-0.01,0.00,0.05,0.10,-1.1,-3.1,-1.3,-0.7,25.6,20.0,13.6,9.2,25.6,20.0,13.6,9.2,0.6,0.7,1.0,1.5,0.6,0.8,1.1,1.8,,,8.32,,0.78,STEADY+RAMP,"too weak at P70/P100E10; wrong curve (SCALER, measured STEADY)",harness-blind: the amp is for allies,M1 Mask cadence ignores SPECIAL; M13 harness-blind (ally amp),the pillar amps allies; solo it shows nothing
mask,Mud,Bog Snare Pit,A mud pool that slows,control,SUPPORT,yes,slow,cc,0.04,-0.12,-0.18,-0.03,-0.04,-0.06,-0.42,0.08,0.00,0.00,0.00,0.00,0.01,0.02,0.10,0.15,1917.5,3671.2,7115.1,10887.7,15.5,12.1,8.2,5.6,15.5,12.1,8.2,5.6,2.0,2.6,5.0,8.3,2.1,2.9,5.8,9.6,,,,,5.68,SCALER,OK,,M1 Mask cadence ignores SPECIAL,slow pool: 1109->6060 body-s
mask,Water,Tidal Lure Net,Traps that splash bodies on contact,damage,STEADY,yes,splash traps,damage,0.70,0.76,0.71,0.79,0.26,0.14,0.12,0.18,0.00,0.00,0.00,0.00,0.02,0.10,0.16,0.29,-1.5,-10.2,-16.4,-34.3,16.0,12.5,8.5,5.8,16.0,12.5,8.5,5.8,3.5,5.3,9.0,16.5,3.7,5.9,10.3,19.2,-0.23,0.74,2.05,0.88,1.13,STEADY,OK,,M1 Mask cadence ignores SPECIAL,
kin,Plant,Divine Bloom,A garden that drops healing flowers for the ship to collect,support-heal,SUPPORT,yes,harvest heal,heal,-0.03,-0.04,0.08,0.00,0.02,0.00,0.00,0.00,0.32,0.37,0.42,0.57,0.03,0.02,0.04,0.12,-0.7,2.2,-0.8,-1.1,7.1,5.7,3.9,2.3,7.1,5.7,3.9,2.3,1.6,2.1,2.3,2.5,2.1,2.7,2.8,2.9,,,,,1.77,SCALER,OK,,M7 stacking; M5 compressed hooks,gardens 1.6->6.6 live: heal 0.33->0.77
kin,Air,Hurricane Blessing,An updraft round the ship that flings bodies away,support-protect,SUPPORT,yes,anti-melee bubble,protect,0.10,0.21,0.26,0.41,0.04,0.00,-0.00,0.00,0.11,0.11,0.13,0.22,0.16,0.18,0.26,0.45,661.5,1018.3,1703.9,4192.3,7.1,5.7,3.9,2.3,7.1,5.7,3.9,2.3,1.9,2.1,2.3,2.5,2.6,2.7,2.8,2.9,,,,,2.71,SCALER,OK,,M7 stacking; M5 compressed hooks,updrafts 1.9->7.0 live: protect 0.17->0.45
kin,Dust,Sandstorm Blessing,Dust clouds that pile up cast after cast; shots inside may miss,support-protect,RAMP,no (board),board: each cast adds a cloud,protect,0.06,0.01,0.00,-0.09,-0.01,0.00,0.00,0.00,0.09,0.10,0.12,0.20,0.37,0.49,0.49,0.60,6968.3,11884.0,18409.5,26259.5,7.1,5.7,3.9,2.3,7.1,5.7,4.0,2.3,2.3,3.0,4.4,6.1,3.9,5.3,8.0,8.6,,,,,1.59,SCALER,"wrong curve (RAMP, measured SCALER, no in-run ramp)",,M7 stacking (capped at 10); M5 compressed hooks,clouds pile up to the cap of 10 (kin_support_runtime.dart:295); protect 0.41->0.53
kin,Lava,Volcanic Blessing,Plate armour that splashes lava back at whatever strikes,support-protect,SUPPORT,yes,counter armour,protect,3.14,2.57,1.89,1.38,0.16,0.00,0.00,0.00,0.09,0.10,0.13,0.20,0.36,0.31,0.37,0.40,-6.3,-6.4,-8.7,-24.6,7.1,5.7,3.9,2.3,7.1,5.7,3.9,2.3,0.0,0.0,0.0,0.0,0.0,0.0,0.0,0.0,,,,,1.12,STEADY,OK,,M5 compressed hooks,"counter-splash max(1.4x damage taken, 0.8x SPECIAL) capped at 3x SPECIAL: 4.0x damage at P50 falling to 1.6x; protect ~0.35 flat"
kin,Poison,Plague Blessing,A burst of homing poison darts,damage,STEADY,yes,the one damage kin,damage,0.39,0.34,0.33,0.34,2.27,1.30,3.43,3.14,0.10,0.11,0.13,0.21,0.03,0.04,0.07,0.12,-3.4,-2.2,-3.5,-8.2,7.1,5.7,3.9,2.3,7.1,5.7,4.0,2.3,0.0,0.0,0.0,0.0,0.0,0.0,0.0,0.0,0.40,0.45,0.70,1.34,0.85,STEADY,OK,,,0.6 -> 0.35x: the one damage kin fades
kin,Blood,Blood Well,A pact: damage any alchemon takes is shared and healed across the others,support-heal,SUPPORT,yes,team share,heal,-0.03,-0.04,0.04,0.00,0.03,0.00,0.00,0.00,0.41,0.44,0.50,0.55,0.31,0.27,0.31,0.34,-0.8,1.1,0.9,-0.3,7.1,5.7,3.9,2.3,7.1,5.7,3.9,2.3,0.0,0.0,0.0,0.0,0.0,0.0,0.0,0.0,,,,,1.33,STEADY,OK,,M5 compressed hooks,heal 0.42->0.53 of incoming (pact)
kin,Earth,Fortress Blessing,A stone wall bodies cannot path through,support-protect,SUPPORT,yes,cover,protect,0.27,0.29,0.27,0.23,-0.03,0.00,0.00,0.00,0.12,0.14,0.15,0.23,0.34,0.42,0.46,0.61,1007.9,1764.7,2736.8,3784.7,7.1,5.7,3.9,2.3,7.1,5.7,3.9,2.3,13.6,20.5,29.7,42.2,17.5,26.0,36.8,50.1,,,,,1.79,SCALER,OK,,M7 stacking; M5 compressed hooks,wall segments 13.6->63.8 live (x4.7): protect 0.33->0.59
kin,Light,Divinity,Escort orbs that block shots and heal the ship and orb,support-heal,SUPPORT,yes,priest-healer,heal,0.02,0.07,0.11,0.07,0.14,0.13,0.07,0.11,0.30,0.29,0.27,0.35,0.05,-0.00,0.04,0.07,-1.8,1.3,-0.6,1.5,7.1,5.7,3.9,2.3,7.1,5.7,3.9,2.3,0.5,0.7,0.9,1.2,0.3,0.5,0.4,0.5,,,,,1.17,STEADY,OK,,M5 compressed hooks,"heal ~0.29 of incoming at every band: keeps pace, no more"
kin,Spirit,Divine Ascension,A wisp that grows a tier with the kin's auto kills,damage,RAMP,no (board),board: tiers grow from kills,damage,1.90,1.63,1.51,1.54,0.00,0.01,0.09,0.07,0.10,0.11,0.13,0.18,0.13,0.14,0.18,0.33,-10.8,-17.5,-28.7,-66.5,7.1,5.7,3.9,2.3,7.1,5.7,3.9,2.3,0.8,0.8,0.8,0.8,0.9,0.9,1.0,1.0,1.21,1.23,1.02,0.87,0.82,STEADY,"wrong curve (RAMP, measured STEADY, no in-run ramp)",BROKEN: the wisp does nothing measurable at any band,M16 broken piece,damage ~0 at every band; the wisp dies on first contact (known since 2026-09-30)
kin,Crystal,Prism Shelter,Shards round the ship that block shots and refract them back,support-protect,SUPPORT,yes,interception,protect,0.94,0.95,0.70,0.46,0.29,0.12,0.07,0.12,0.12,0.13,0.15,0.20,0.12,0.18,0.18,0.17,-1.0,-1.2,-2.4,-9.7,7.1,5.7,3.9,2.3,7.1,5.7,3.9,2.3,1.5,2.7,2.9,3.9,2.1,3.5,3.0,4.1,,,,,1.42,STEADY,OK,,M7 stacking; M5 compressed hooks,refractor shards 1.6->5.7 live; protect 0.14->0.25; damage share 1.2->0.7
kin,Fire,Inferno Blessing,"PASSIVE: saves the orb once at 25%, then an orbiting flame for good",support-protect,EARLY,yes,one flat save,protect,-0.02,0.03,0.01,-0.00,0.01,0.00,0.00,-0.00,0.00,0.00,0.00,0.00,-0.02,-0.00,0.00,0.00,-0.4,0.5,1.3,-0.7,7.1,5.7,3.9,2.3,,,,,0.0,0.0,0.0,0.0,0.0,0.0,0.0,0.0,,,,,0.24,EARLY,does nothing measurable; too weak at P50/P70/P90/P100E10,dormant by design in this harness (orb never truly dies); not a verdict,M13 harness-blind (orb death),pure passive; nothing until the orb dies
kin,Lightning,Tempest Blessing,"While it channels, every auto chains",utility,SCALER,yes,multiplies the team's autos,protect,-0.08,-0.02,0.03,0.00,0.02,0.00,0.00,0.00,0.08,0.09,0.11,0.18,0.04,-0.00,0.00,0.05,-0.3,0.2,-0.2,-3.1,7.1,5.7,3.9,2.3,7.1,5.7,3.9,2.3,0.0,0.0,0.0,0.0,0.0,0.0,0.0,0.0,,,,,1.13,STEADY,"too weak at P70/P90; wrong curve (SCALER, measured STEADY)",harness-blind: team-auto chaining; solo it can only chain its own autos,M13 harness-blind (team autos chain); M5 compressed hooks,"solo, it only chains the kin's own slow lasers"
kin,Steam,Scalding Veil,Damage taken becomes team attack speed (10 stacks),utility,SUPPORT,no (board),"board: scales with Beauty, capped stacks",protect,0.01,0.07,0.09,0.03,0.02,0.00,0.00,-0.00,0.13,0.13,0.16,0.20,0.04,0.01,0.03,0.02,-0.0,0.7,-1.7,-1.0,7.1,5.7,3.9,2.3,7.1,5.7,3.9,2.3,0.0,0.0,0.0,0.0,0.0,0.0,0.0,0.0,,,,,0.54,EARLY,"too weak at P70/P90/P100E10; wrong curve (SUPPORT, measured EARLY)",BROKEN at high stats: stacks zeroed by every recast; also a team buff the solo harness under-reads,M8 recast zeroes the stacks; M13 harness-blind (team haste); M5 compressed hooks,boiler stacks are reset to 0 on every cast (cosmic_survival_game.dart:10636); at 2.3 s casts they never build: 0.20 -> 0.02x
kin,Dark,Eclipse Blessing,Companions untargetable and the orb hidden; bodies go for the ship,support-protect,EARLY,yes,flat aggro shift,protect,3.07,2.50,1.68,1.22,-0.11,0.00,0.00,0.00,0.04,0.05,0.06,0.12,-0.13,-0.10,-0.07,-0.04,39.0,45.9,53.1,63.7,7.1,5.7,3.9,2.3,7.1,5.7,3.9,2.3,0.0,0.0,0.0,0.0,0.0,0.0,0.0,0.0,,,,,-4.25,EARLY,too weak at P50/P70/P90/P100E10,harness-limited: the veil is a decoy for a pilot to fly; its damage reading is the kin's own uninterrupted autos,M13 harness-blind (needs a pilot); M5 compressed hooks,"veil hides the orb; the kin's own autos run uninterrupted (3.7x damage at P50, falling)"
kin,Ice,Glacier Blessing,"Charge, then a frost burst that slows 90%; reach grows to the whole field",control,SCALER,no (board),board: local -> global at max stats,cc,-0.02,-0.13,-0.13,-0.15,0.02,0.00,0.00,-0.00,0.11,0.13,0.15,0.20,0.10,0.31,0.51,0.67,4571.7,14947.9,24667.1,33210.6,7.1,5.7,3.9,2.3,7.1,5.7,4.0,2.3,0.0,0.0,0.0,0.0,0.0,0.0,0.0,0.0,,,,,7.26,SCALER,OK,BROKEN at P95+: never releases once its cast interval is shorter than its charge,M8 recast resets the charge; M5 compressed hooks,"the 3.1 s charge is restarted by every cast; once the kin interval drops under it (~P95: 2.3 s at P100E10) it NEVER releases (cosmic_survival_game.dart:10625-10631). Control 4.6k -> 25k body-s, then 0 at P100E10"
kin,Mud,Quagmire Blessing,The ship leaves a slowing mud trail,control,SUPPORT,yes,trail,cc,0.20,0.16,0.23,0.13,-0.04,0.00,0.00,0.00,0.11,0.11,0.13,0.20,0.10,0.07,0.11,0.16,1878.8,2609.4,3306.5,3683.8,7.1,5.7,3.9,2.3,7.1,5.7,3.9,2.3,8.1,10.5,10.7,10.8,10.1,12.7,12.8,12.8,,,,,1.96,SCALER,OK,,M5 compressed hooks,ship trail slow 1.8k->3.7k body-s
kin,Water,Divine Fountain,A rain cloud that follows the ship and heals what is under it,support-heal,SUPPORT,yes,mobile heal,heal,-0.00,-0.03,0.03,0.00,0.04,0.00,-0.00,0.00,0.38,0.43,0.45,0.62,0.04,0.04,0.06,0.09,-0.0,1.9,-1.3,-0.9,7.1,5.7,3.9,2.3,7.1,5.7,3.9,2.3,1.7,2.1,2.3,2.5,2.3,2.7,2.8,2.9,,,,,1.62,SCALER,OK,,M7 stacking; M5 compressed hooks,rain clouds 1.7->6.8 live: heal 0.38->0.83
mystic,Plant,The Grove,"The Grove: one vine lashes with knockback, one spits thorns",damage,STEADY,yes,two turrets,damage,2.63,2.40,2.24,2.22,3.08,0.56,0.13,0.32,0.00,0.00,0.00,0.00,0.12,0.19,0.26,0.42,-16.5,-27.0,-46.5,-68.7,60.0,60.0,60.0,60.0,,,,,0.0,0.0,0.0,0.0,0.0,0.0,0.0,0.0,0.82,0.89,0.77,0.82,0.84,STEADY,OK,,M2 one world per deployment; M5 compressed hooks,7.3x at P50 (too strong) -> 2.6x
mystic,Air,The Tornado,"The Tornado: walks a circuit, lifts and grinds what it passes",damage,STEADY,yes,moving grinder,damage,2.33,2.51,2.20,2.43,0.31,0.26,0.13,0.27,0.00,0.00,0.00,0.00,0.22,0.30,0.38,0.57,270.6,326.4,406.2,547.4,60.0,60.0,60.0,60.0,,,,,0.0,0.0,0.0,0.0,0.0,0.0,0.0,0.0,1.59,1.10,1.06,1.05,1.04,STEADY,OK,,M2 one world per deployment; M5 compressed hooks,4.4 -> 2.0x
mystic,Dust,The Haze,The Haze: shooters' rounds go off in their own faces,control,EARLY,yes,flat anti-shooter,protect,0.11,0.04,0.05,0.06,-0.14,0.26,0.09,0.21,0.00,0.00,0.00,0.00,0.04,0.08,0.06,0.07,0.6,0.3,-1.3,-3.1,60.0,60.0,60.0,60.0,,,,,0.0,0.0,0.0,0.0,0.0,0.0,0.0,0.0,,,,,1.53,SCALER,"wrong curve (EARLY, measured SCALER)",,M2 one world per deployment; M13 harness-blind (shooter waves); M5 compressed hooks,misfires only
mystic,Lava,The Fissures,The Fissures: a boss crossing a crack calls meteors down,damage,SCALER,yes,the boss answer,damage,-0.03,0.00,-0.00,-0.02,0.50,1.20,2.53,3.24,0.00,0.00,0.00,0.00,0.01,0.05,0.02,0.01,-0.9,1.1,1.0,1.4,60.0,60.0,60.0,60.0,,,,,0.0,0.0,0.0,0.0,0.0,0.0,0.0,0.0,,,,,,NONE,too weak at P50/P70/P90/P100E10,boss-only by design; flat fissure count (M6),M2 one world per deployment; M6 maxed at stat 3; M13 boss-only,"fissure count reads hornStatScale(min 0, max 1.0) (cosmic_survival_game.dart:12115) = always 9; boss share 0 / 3.3 / 2.4 / 2.1"
mystic,Poison,The Miasma,The Miasma: the ship trails poison patches as it flies,damage,STEADY,yes,pilot-drawn DoT,damage,3.05,2.83,2.37,2.31,0.69,0.22,0.18,0.22,0.00,0.00,0.00,0.00,0.43,0.51,0.60,0.70,-5.8,-40.8,-108.0,-154.4,60.0,60.0,60.0,60.0,,,,,0.0,0.0,0.0,0.0,0.0,0.0,0.0,0.0,1.35,0.93,0.93,1.12,0.76,STEADY,OK,,M2 one world per deployment,4.4 -> 1.8x
mystic,Blood,The Crimson Tithe,The Crimson Tithe: every auto (party and ship) drains into orb and caster,support-heal,SCALER,yes,rides the party's whole auto output,heal,0.01,-0.00,-0.00,-0.01,-0.10,0.14,0.11,0.07,0.04,0.04,0.04,0.05,0.03,0.02,0.02,0.03,-0.2,-1.0,-0.7,-0.2,60.0,60.0,60.0,60.0,,,,,0.0,0.0,0.0,0.0,0.0,0.0,0.0,0.0,,,,,1.11,STEADY,"too weak at P50/P70/P90/P100E10; wrong curve (SCALER, measured STEADY)",harness-limited: tithes party + ship autos; solo it is one creature's autos,M2 one world per deployment; M13 harness-blind (party autos); M5 compressed hooks,tithe heal ~0.04 of incoming solo
mystic,Earth,The Quaking,The Quaking: arena-wide quake damages and floors everything,damage,SCALER,yes,arena-wide hit,damage,2.17,1.87,2.60,2.84,0.33,0.25,0.18,0.39,0.00,0.00,0.00,0.00,0.15,0.24,0.38,0.72,113.3,107.6,87.0,16.6,60.0,60.0,60.0,60.0,,,,,0.0,0.0,0.0,0.0,0.0,0.0,0.0,0.0,0.87,2.42,1.27,1.05,1.31,STEADY,"wrong curve (SCALER, measured STEADY)",,M2 one world per deployment; fixed 15 s clock,6.7x at P50 (too strong) -> 2.5x
mystic,Light,The Dawn,"The Dawn: a star charges, then heals orb, ship and alchemons to full",support-heal,SUPPORT,yes,% heal keeps pace by itself,heal,-0.02,-0.06,-0.00,-0.02,0.16,0.18,0.01,0.08,0.00,0.05,0.03,0.03,-0.01,0.03,0.01,0.04,-0.7,0.9,0.4,0.8,60.0,60.0,60.0,60.0,,,,,0.0,0.0,0.0,0.0,0.0,0.0,0.0,0.0,,,,,2.70,SCALER,too weak at P50/P70/P90/P100E10,,M2 one world per deployment; fixed charge clock,one full heal per ~46 s: 0-0.05 of incoming
mystic,Spirit,The Turning,The Turning: dead chaff rises on our side and hunts,damage,RAMP,yes,the army grows with kills,damage,1.94,1.89,1.97,2.47,1.00,0.36,0.01,0.21,0.00,0.00,0.00,0.00,0.24,0.32,0.42,0.61,-6.5,-16.3,-37.8,-86.5,60.0,60.0,60.0,60.0,,,,,0.0,0.0,0.0,0.0,0.0,0.0,0.0,0.0,1.03,1.10,1.12,1.00,1.28,STEADY,"wrong curve (RAMP, measured STEADY, no in-run ramp)",,M2 one world per deployment; M6 maxed at stat 3,"revenant cap reads hornStatScale(min .5, max 1.0) = 1.0 for every fielded creature (cosmic_survival_game.dart:11461): 3.7 -> 0.8x"
mystic,Crystal,The Vein,The Vein: kills may drop shards that feed the alchemy meter,utility,STEADY,yes,tempo; the harness cannot see the meter,damage,-0.02,0.02,-0.01,-0.01,0.01,0.20,0.15,0.10,0.00,0.00,0.00,0.00,0.01,0.01,0.01,0.02,-1.3,-0.9,-1.2,1.9,60.0,60.0,60.0,60.0,,,,,0.0,0.0,0.0,0.0,0.0,0.0,0.0,0.0,,,,,,NONE,does nothing measurable; too weak at P50/P70/P90/P100E10,harness-blind: pays out in alchemy meter,M2 one world per deployment; M13 harness-blind (alchemy meter); M5 compressed hooks,
mystic,Fire,The Ember Season,The Ember Season: drifting embers ignite on contact,damage,STEADY,yes,field DoT,damage,1.96,1.93,1.83,1.77,1.64,1.04,1.17,0.64,0.00,0.00,0.00,0.00,0.12,0.16,0.14,0.29,-17.0,-28.6,-59.8,-81.4,60.0,60.0,60.0,60.0,,,,,0.0,0.0,0.0,0.0,0.0,0.0,0.0,0.0,0.43,0.48,0.58,0.59,0.90,STEADY,OK,,M2 one world per deployment,2.1 -> 1.0x
mystic,Lightning,The Storm,The Storm: a bolt on a fixed clock onto a random target; stuns bosses,damage,STEADY,yes,fixed rhythm by design; damage from stats,damage,1.82,1.86,1.64,1.67,2.63,0.85,4.69,4.00,0.00,0.00,0.00,0.00,0.11,0.15,0.23,0.30,-13.7,-21.1,-36.7,-55.1,60.0,60.0,60.0,60.0,,,,,0.0,0.0,0.0,0.0,0.0,0.0,0.0,0.0,1.05,0.74,0.86,0.73,0.92,STEADY,OK,,M2 one world per deployment; fixed 10 s clock,one bolt every 10 s onto a random target (kMysticStrikeInterval): 0.15-0.38x
mystic,Steam,The Pressure,The Pressure: vents throw every body outward from the orb,control,EARLY,yes,"zero damage, flat shove",protect,-0.01,-0.05,-0.04,-0.09,0.96,0.38,-0.00,0.16,0.00,0.00,0.00,0.00,0.25,0.27,0.28,0.28,818.0,1067.5,1510.7,1785.2,60.0,60.0,60.0,60.0,,,,,0.0,0.0,0.0,0.0,0.0,0.0,0.0,0.0,,,,,1.12,STEADY,"wrong curve (EARLY, measured STEADY)",,M2 one world per deployment; fixed 8 s vent; M5 compressed hooks,protect 0.21 -> 0.31
mystic,Dark,The Maw,The Maw: a hole drags bodies in and throws them out at the rim,control,EARLY,yes,displacement ignores HP,protect,-0.09,-0.10,-0.09,-0.11,0.95,0.50,0.09,0.23,0.00,0.00,0.00,0.00,0.29,0.27,0.35,0.40,1005.6,1393.9,1955.4,2747.5,60.0,60.0,60.0,60.0,,,,,0.0,0.0,0.0,0.0,0.0,0.0,0.0,0.0,,,,,1.40,STEADY,"wrong curve (EARLY, measured STEADY)",,M2 one world per deployment; M5 compressed hooks,protect 0.27 -> 0.40
mystic,Ice,The Blizzard,"The Blizzard: every body slowed, always",control,SUPPORT,yes,global slow,cc,0.04,-0.01,-0.03,-0.10,0.22,0.09,-0.09,0.03,0.00,0.00,0.00,0.00,0.51,0.54,0.61,0.69,25822.5,32451.6,40248.5,46600.9,60.0,60.0,60.0,60.0,,,,,0.0,0.0,0.0,0.0,0.0,0.0,0.0,0.0,,,,,1.80,SCALER,OK,saturated: full strength at every band from stat 3 (M6); strongest single protect in the game (~73% of incoming) and flat,M2 one world per deployment; M6 maxed at stat 3,"blizzard strength reads hornStatScale(min 0, max 1.0) = 1.0 for every fielded creature (cosmic_survival_game.dart:12340): prevents ~73% of incoming at EVERY band"
mystic,Mud,The Weight,The Weight: ship autos bog bodies down 60% -> 90%,control,SUPPORT,yes,slow from the ship,protect,0.17,0.16,0.12,0.10,5.39,1.44,0.55,1.09,0.00,0.00,0.00,0.00,0.06,0.04,0.10,0.06,-1.6,-2.5,0.2,-0.1,60.0,60.0,60.0,60.0,,,,,0.0,0.0,0.0,0.0,0.0,0.0,0.0,0.0,,,,,0.88,STEADY,OK,harness-limited: works through the ship's autos,M2 one world per deployment; M13 harness-blind (ship autos); M5 compressed hooks,
mystic,Water,The Maelstrom,The Maelstrom: a whirlpool on the orb holds and carries bodies,control,SUPPORT,yes,hold,protect,3.74,4.08,3.21,2.68,1.22,0.39,0.23,0.60,0.00,0.00,0.00,0.00,0.23,0.44,0.50,0.57,397.7,682.1,965.6,1203.3,60.0,60.0,60.0,60.0,,,,,0.0,0.0,0.0,0.0,0.0,0.0,0.0,0.0,,,,,2.51,SCALER,too strong at P50 (3.7x); too strong at P70 (4.1x),,M2 one world per deployment; M5 compressed hooks,4.7x damage at P50 for a control world; protect 0.18 -> 0.58
